{"train": {"loss": [0.28927937820462807, 0.22791494316306599, 0.1939539952847256, 0.20731388187997943, 0.17216518934320327, 0.15296985417313336, 0.13433035698483933, 0.14799547679403907, 0.13863207610899422, 0.1334862635722236, 0.13469951695811472, 0.13350060437970837, 0.12492915260195005, 0.12590384604784596, 0.0921912307854428, 0.06759602883751066, 0.05656319696078661, 0.05845318335280168, 0.05424668374943282, 0.052072152633547454, 0.05124050468520258, 0.04314632672857452, 0.04738882104769549, 0.04047088076670965, 0.04707317305126106, 0.04219362742559796, 0.03939923721789786, 0.042231443964663586, 0.034571502455515886, 0.03762453467322466, 0.030562515124924236, 0.032488169632988534, 0.03327393538735907, 0.04012118572407881, 0.03666932164931327, 0.03427048997159806, 0.03787034253165653, 0.03676272387205826, 0.03594126073946046, 0.03213149947097232], "acc": [0.7680097680097681, 0.8382173382173382, 0.8656898656898657, 0.8608058608058609, 0.8858363858363858, 0.8962148962148963, 0.9114774114774115, 0.9065934065934066, 0.9157509157509157, 0.9065934065934066, 0.909035409035409, 0.9004884004884005, 0.909035409035409, 0.9114774114774115, 0.9413919413919414, 0.9615384615384616, 0.9682539682539683, 0.9658119658119658, 0.9652014652014652, 0.9700854700854701, 0.9700854700854701, 0.9743589743589743, 0.9676434676434676, 0.9737484737484737, 0.9713064713064713, 0.974969474969475, 0.9792429792429792, 0.974969474969475, 0.978021978021978, 0.9829059829059829, 0.9841269841269841, 0.9847374847374848, 0.9829059829059829, 0.9737484737484737, 0.981074481074481, 0.9816849816849816, 0.9792429792429792, 0.9804639804639804, 0.9804639804639804, 0.981074481074481]}, "valid": {"loss": [0.16838802431857652, 0.11998660148431857, 0.15632848193248114, 0.12072110857020636, 0.11633784324948579, 0.16130745516647202, 0.17496452473429708, 0.1028786361665348, 0.10702057292715447, 0.22722222462622194, 0.12027796120968103, 0.1620658298994445, 0.10830418861221747, 0.1056786189110227, 0.0905427378475096, 0.09150934435905574, 0.08524225573589811, 0.09573606942663264, 0.08432817401598548, 0.09083413727876674, 0.09461334858680032, 0.09089042486042762, 0.09899979142746965, 0.09488730929547647, 0.09573971461046671, 0.09940238889367854, 0.09163405204731259, 0.08796052319185982, 0.09405701609501421, 0.10188100988788357, 0.10094636689382987, 0.09381053932621831, 0.09725825134359423, 0.09987148812010152, 0.09751851365092348, 0.09592278312912078, 0.10050957081483199, 0.09715088449744254, 0.09871587627999932, 0.09549043858881856], "acc": [0.8743169398907104, 0.9234972677595629, 0.8907103825136612, 0.9180327868852459, 0.9234972677595629, 0.8961748633879781, 0.9016393442622951, 0.9234972677595629, 0.9289617486338798, 0.8579234972677595, 0.912568306010929, 0.9016393442622951, 0.9234972677595629, 0.9508196721311475, 0.9617486338797814, 0.9672131147540983, 0.9617486338797814, 0.9617486338797814, 0.9672131147540983, 0.9672131147540983, 0.9617486338797814, 0.9672131147540983, 0.9672131147540983, 0.9672131147540983, 0.9617486338797814, 0.9617486338797814, 0.9617486338797814, 0.9672131147540983, 0.9672131147540983, 0.9672131147540983, 0.9672131147540983, 0.9672131147540983, 0.9617486338797814, 0.9617486338797814, 0.9672131147540983, 0.9672131147540983, 0.9617486338797814, 0.9617486338797814, 0.9617486338797814, 0.9617486338797814]}, "lr": [0.01, 0.01, 0.01, 0.01, 0.01, 0.01, 0.01, 0.01, 0.01, 0.01, 0.01, 0.01, 0.01, 0.01, 0.001, 0.001, 0.001, 0.001, 0.001, 0.001, 0.001, 0.001, 0.001, 0.001, 0.001, 0.0001, 0.0001, 0.0001, 0.0001, 0.0001, 0.0001, 1e-05, 1e-05, 1e-05, 1e-05, 1e-05, 1e-05, 1.0000000000000002e-06, 1.0000000000000002e-06, 1.0000000000000002e-06]}