{
    "train": {
        "loss": [
            0.30709143811711753,
            0.21268792000118192,
            0.18347429696547826,
            0.17518247530246392,
            0.1565860326655473,
            0.12819447640388731,
            0.1268457214260458,
            0.14391209264268806,
            0.11558610370089283,
            0.11098272620412601,
            0.09755227573088601,
            0.09102059587135784,
            0.1126864242784779,
            0.06135646917690069,
            0.04556448079909452,
            0.04758266115081252,
            0.03378008805915841,
            0.03475850371709855,
            0.031189847576076003,
            0.028071523167708064,
            0.031851918989239815,
            0.02715080097927206,
            0.024343470143329386,
            0.026759039810762008,
            0.02307456723665671,
            0.0206625797991642,
            0.02476762132196072,
            0.02279378190694629,
            0.024451816629650246,
            0.01751649189542556
        ],
        "acc": [
            0.753968253968254,
            0.8528693528693528,
            0.8821733821733821,
            0.8785103785103785,
            0.8992673992673993,
            0.9163614163614163,
            0.9194139194139194,
            0.9010989010989011,
            0.9181929181929182,
            0.9212454212454212,
            0.9340659340659341,
            0.9456654456654456,
            0.9194139194139194,
            0.9658119658119658,
            0.9725274725274725,
            0.9768009768009768,
            0.9841269841269841,
            0.9792429792429792,
            0.9816849816849816,
            0.9877899877899878,
            0.9804639804639804,
            0.9877899877899878,
            0.9877899877899878,
            0.9871794871794872,
            0.9865689865689866,
            0.9920634920634921,
            0.9865689865689866,
            0.9877899877899878,
            0.989010989010989,
            0.9926739926739927
        ]
    },
    "valid": {
        "loss": [
            0.18224222701846984,
            0.14071284869655235,
            0.1436289285864335,
            0.11601833563521911,
            0.11849618286830806,
            0.18036998087754014,
            0.09993314360334574,
            0.1552678738298312,
            0.11848028183309108,
            0.2467356177627063,
            0.1723733285818595,
            0.1391091436361436,
            0.10380430427975341,
            0.09380424455256084,
            0.10136721215002198,
            0.10533503724944071,
            0.09885806574033258,
            0.08903609374996091,
            0.09110490572409796,
            0.09839836107007141,
            0.09217146072725008,
            0.11167705507982074,
            0.0963819549607286,
            0.11683646178310686,
            0.10894135327734908,
            0.10715227541539186,
            0.10880834311552223,
            0.10750885909586086,
            0.09933216267779388,
            0.09975256555194616
        ],
        "acc": [
            0.8907103825136612,
            0.9180327868852459,
            0.9016393442622951,
            0.9398907103825137,
            0.9289617486338798,
            0.912568306010929,
            0.9180327868852459,
            0.907103825136612,
            0.912568306010929,
            0.819672131147541,
            0.912568306010929,
            0.9289617486338798,
            0.9453551912568307,
            0.9398907103825137,
            0.9453551912568307,
            0.9398907103825137,
            0.9453551912568307,
            0.9562841530054644,
            0.9562841530054644,
            0.9508196721311475,
            0.9453551912568307,
            0.9344262295081968,
            0.9562841530054644,
            0.9508196721311475,
            0.9562841530054644,
            0.9617486338797814,
            0.9562841530054644,
            0.9617486338797814,
            0.9617486338797814,
            0.9617486338797814
        ]
    },
    "lr": [
        0.01,
        0.01,
        0.01,
        0.01,
        0.01,
        0.01,
        0.01,
        0.01,
        0.01,
        0.01,
        0.01,
        0.01,
        0.01,
        0.001,
        0.001,
        0.001,
        0.001,
        0.001,
        0.001,
        0.001,
        0.001,
        0.001,
        0.001,
        0.001,
        0.0001,
        0.0001,
        0.0001,
        0.0001,
        0.0001,
        0.0001
    ]
}