{"train": {"loss": [0.24556505629140088, 0.17934937324825223, 0.14689434735020293, 0.12317755154728598, 0.11700177398283985, 0.09420561387916625, 0.11313414555929956, 0.07118291899298064, 0.05553905651546442, 0.0448130717966137, 0.03944350231975608, 0.03373303239248575, 0.03462646627953328, 0.02728108120018955, 0.028215403368375896, 0.023373659108555052, 0.024701863196672773, 0.022202392092249806, 0.018667168991176254, 0.01613214963328398, 0.016531902935238776, 0.017859175518412092, 0.014063990098379907, 0.01445134632119975, 0.021470011696640187, 0.014181996740046002, 0.015606435381105769, 0.01740073818077762, 0.01703145141970316, 0.015116711110740864, 0.021841627833068426, 0.01861396049529141, 0.017770105312062117, 0.01878627491387128, 0.015406485594654403, 0.019031065873806256, 0.016998423745011926, 0.01792267682721613, 0.014803172433572584, 0.013591592705846105], "acc": [0.7954822954822954, 0.8705738705738706, 0.9023199023199023, 0.9114774114774115, 0.9169719169719169, 0.9383394383394383, 0.9163614163614163, 0.9523809523809523, 0.9719169719169719, 0.9774114774114774, 0.978021978021978, 0.9822954822954822, 0.9816849816849816, 0.9865689865689866, 0.9835164835164835, 0.9847374847374848, 0.9853479853479854, 0.9908424908424909, 0.989010989010989, 0.9908424908424909, 0.9902319902319903, 0.989010989010989, 0.9914529914529915, 0.9926739926739927, 0.9853479853479854, 0.9938949938949939, 0.9926739926739927, 0.9920634920634921, 0.9914529914529915, 0.9920634920634921, 0.9865689865689866, 0.9908424908424909, 0.9902319902319903, 0.9908424908424909, 0.9908424908424909, 0.989010989010989, 0.9914529914529915, 0.9914529914529915, 0.9914529914529915, 0.9908424908424909]}, "valid": {"loss": [0.08480065391281914, 0.0928330788276886, 0.08768820210711145, 0.11097348225939144, 0.09694053308498826, 0.11985487429822078, 0.08773591548530131, 0.08299040794627019, 0.07563576403028163, 0.07803867138728825, 0.07062156901241896, 0.06971391804689347, 0.07299578260080736, 0.07866675588378652, 0.08514051510865897, 0.09097744231341315, 0.07217822015753698, 0.07838947345283839, 0.07364288081867935, 0.07794136379443393, 0.074680552186821, 0.07975120654156626, 0.07646254609374563, 0.07818626194093072, 0.07264805700670664, 0.07811245783054031, 0.0773240796498995, 0.07870410742553693, 0.07285024920641317, 0.07797306335831437, 0.07556878333107207, 0.07238840135170625, 0.07478568697338059, 0.07609452358625136, 0.0783993195096041, 0.0740756247055213, 0.08305723257515518, 0.07511177129758512, 0.07571247670687531, 0.0825719146103766], "acc": [0.9508196721311475, 0.9453551912568307, 0.9453551912568307, 0.9453551912568307, 0.9508196721311475, 0.912568306010929, 0.9453551912568307, 0.9508196721311475, 0.9672131147540983, 0.9617486338797814, 0.9781420765027322, 0.9672131147540983, 0.9781420765027322, 0.9726775956284153, 0.9562841530054644, 0.9617486338797814, 0.9672131147540983, 0.9726775956284153, 0.9726775956284153, 0.9672131147540983, 0.9672131147540983, 0.9726775956284153, 0.9726775956284153, 0.9726775956284153, 0.9726775956284153, 0.9726775956284153, 0.9726775956284153, 0.9726775956284153, 0.9726775956284153, 0.9726775956284153, 0.9726775956284153, 0.9726775956284153, 0.9726775956284153, 0.9726775956284153, 0.9726775956284153, 0.9726775956284153, 0.9617486338797814, 0.9726775956284153, 0.9726775956284153, 0.9672131147540983]}, "lr": [0.01, 0.01, 0.01, 0.01, 0.01, 0.01, 0.01, 0.001, 0.001, 0.001, 0.001, 0.001, 0.001, 0.001, 0.001, 0.001, 0.001, 0.001, 0.0001, 0.0001, 0.0001, 0.0001, 0.0001, 0.0001, 1e-05, 1e-05, 1e-05, 1e-05, 1e-05, 1e-05, 1.0000000000000002e-06, 1.0000000000000002e-06, 1.0000000000000002e-06, 1.0000000000000002e-06, 1.0000000000000002e-06, 1.0000000000000002e-06, 1.0000000000000002e-07, 1.0000000000000002e-07, 1.0000000000000002e-07, 1.0000000000000002e-07]}